t_s,state,nthreads,utime_s,stime_s,disk_r_mb,disk_w_mb,disk_io_ms
0.0,R,1,0.00,0.00,17740041.7,81280097.8,422159270
1.0,S,34,2.46,0.23,17740041.7,81280098.8,422159286
2.0,S,34,4.80,0.38,17740041.7,81280099.3,422159289
3.0,S,34,6.99,0.60,17740041.7,81280100.5,422159305
4.0,S,34,9.24,0.81,17740041.7,81280100.7,422159306
5.0,S,34,11.40,1.00,17740041.7,81280101.1,422159309
6.0,S,34,13.67,1.17,17740041.7,81280101.3,422159310
7.0,S,34,15.90,1.38,17740041.7,81280101.5,422159312
8.0,S,34,18.18,1.56,17740041.7,81280101.8,422159313
9.0,S,34,20.42,1.71,17740041.7,81280102.5,422159322
10.0,S,34,22.58,1.86,17740041.7,81280103.7,422159335
11.0,S,34,24.79,1.99,17740041.7,81280104.0,422159343
12.0,S,34,27.05,2.17,17740041.7,81280104.2,422159346
13.0,S,34,29.27,2.36,17740041.7,81280104.6,422159350
14.0,S,34,31.54,2.51,17740041.7,81280104.9,422159351
15.0,S,34,33.82,2.66,17740041.7,81280105.5,422159353
16.0,S,34,36.07,2.85,17740041.7,81280154.9,422159398
17.0,S,34,38.29,3.03,17740041.7,81280155.2,422159402
18.0,S,34,40.49,3.21,17740041.7,81280155.2,422159402
19.0,S,34,42.72,3.35,17740041.7,81280155.5,422159405
20.0,S,34,44.82,3.50,17740041.7,81280156.7,422159420
21.0,S,34,47.06,3.65,17740041.7,81280157.0,422159420
22.0,S,34,49.23,3.80,17740041.7,81280158.0,422159437
23.0,S,34,51.46,3.98,17740041.7,81280158.1,422159438
24.0,S,34,53.67,4.15,17740041.7,81280158.3,422159442
25.0,S,34,55.81,4.33,17740041.7,81280159.4,422159458
26.0,S,34,58.01,4.51,17740041.7,81280159.6,422159460
27.0,S,34,60.18,4.71,17740041.7,81280160.0,422159461
28.0,S,34,62.42,4.87,17740041.7,81280160.2,422159463
29.0,S,34,64.60,5.05,17740041.7,81280160.3,422159466
30.0,S,34,66.77,5.25,17740041.7,81280160.5,422159470
31.0,S,34,68.97,5.42,17740041.7,81280160.7,422159471
32.0,S,34,71.17,5.59,17740041.7,81280205.4,422159513
33.0,S,34,73.36,5.74,17740041.7,81280206.2,422159521
34.0,S,34,75.46,5.90,17740041.7,81280206.9,422159532
35.0,S,34,77.64,6.07,17740041.7,81280207.0,422159534
36.0,S,34,79.86,6.24,17740041.7,81280207.5,422159538
37.0,S,34,82.04,6.41,17740041.7,81280208.0,422159542
38.0,S,34,84.19,6.58,17740041.7,81280209.2,422159560
39.0,S,34,86.32,6.77,17740041.7,81280209.2,422159561
40.0,S,34,88.50,6.94,17740041.7,81280209.4,422159563
41.0,S,34,90.68,7.09,17740041.7,81280209.5,422159563
42.0,S,34,92.80,7.24,17740041.7,81280210.8,422159581
43.0,S,34,95.03,7.37,17740041.7,81280211.4,422159586
44.0,S,34,97.12,7.55,17740041.7,81280212.9,422159602
45.0,S,34,99.28,7.69,17740041.7,81280213.0,422159604
46.0,S,34,101.51,7.85,17740041.7,81280213.2,422159606
47.0,S,34,103.71,8.00,17740041.7,81280213.6,422159608
48.0,S,34,105.93,8.13,17740041.7,81280213.8,422159611
49.1,S,34,108.07,8.36,17740041.7,81280214.3,422159614
50.1,S,34,110.25,8.50,17740041.7,81280214.5,422159617
51.1,S,34,112.47,8.63,17740041.7,81280214.7,422159618
52.1,S,34,114.64,8.78,17740041.7,81280272.9,422159674
53.1,S,34,116.80,8.95,17740041.7,81280274.2,422159677
54.1,S,34,118.98,9.09,17740041.7,81280274.7,422159681
55.1,S,34,121.10,9.27,17740041.7,81280274.9,422159682
56.1,S,34,123.27,9.43,17740041.7,81280275.1,422159685
57.1,S,34,125.41,9.59,17740041.7,81280275.2,422159687
58.1,S,34,127.58,9.74,17740041.7,81280275.4,422159691
59.1,S,34,129.66,9.95,17740041.7,81280276.2,422159701
60.1,S,34,131.70,10.14,17740041.7,81280277.3,422159715
61.1,S,34,133.87,10.28,17740041.7,81280277.4,422159716
62.1,S,34,136.00,10.43,17740041.7,81280277.7,422159719
63.1,S,34,138.11,10.62,17740041.7,81280277.8,422159721
64.1,S,34,140.20,10.82,17740041.7,81280278.2,422159723
65.1,S,34,142.19,11.00,17740041.7,81280278.6,422159725
66.1,S,34,144.35,11.13,17740041.7,81280278.8,422159729
67.1,S,34,146.49,11.28,17740041.7,81280279.9,422159742
68.1,S,34,148.62,11.48,17740041.7,81280280.1,422159746
69.1,S,34,150.77,11.65,17740041.7,81280280.2,422159748
70.1,S,34,152.93,11.78,17740041.7,81280280.6,422159751
71.1,S,34,154.93,11.93,17740041.7,81280281.2,422159760
72.1,S,34,157.03,12.09,17740041.7,81280282.5,422159783
73.1,S,34,159.13,12.28,17740041.7,81280339.4,422159836
74.1,S,34,161.31,12.42,17740041.7,81280339.5,422159838
75.1,S,34,163.47,12.60,17740041.7,81280339.7,422159841
76.1,S,34,165.59,12.79,17740041.7,81280340.9,422159844
77.1,S,34,167.71,12.96,17740041.7,81280341.0,422159848
78.1,S,34,169.84,13.15,17740041.7,81280341.2,422159851
79.1,S,34,171.99,13.30,17740041.7,81280341.4,422159853
80.1,S,34,174.09,13.47,17740041.7,81280341.5,422159855
81.1,S,34,176.20,13.67,17740041.7,81280341.7,422159858
82.1,S,34,178.30,13.86,17740041.7,81280342.2,422159860
83.1,S,34,180.47,14.01,17740041.7,81280342.4,422159862
84.1,S,34,182.63,14.19,17740041.7,81280342.5,422159864
85.1,S,34,184.76,14.36,17740041.7,81280342.8,422159865
86.1,S,34,186.90,14.52,17740041.7,81280342.9,422159866
87.1,S,34,189.05,14.67,17740041.7,81280343.0,422159870
88.1,S,34,191.20,14.82,17740041.7,81280343.7,422159884
89.1,S,34,193.37,14.96,17740041.7,81280343.9,422159888
90.1,S,34,195.53,15.09,17740041.7,81280344.0,422159889
91.1,S,34,197.58,15.21,17740041.7,81280345.2,422159903
92.1,S,34,199.72,15.37,17740041.7,81280345.3,422159905
93.1,S,42,207.69,15.73,17740041.7,81280521.9,422160144
94.1,S,34,214.48,16.01,17740041.7,81280633.0,422160261
95.1,S,34,217.39,16.17,17740041.7,81280633.2,422160265
96.1,S,34,220.24,16.33,17740041.7,81280633.4,422160266
97.1,S,34,223.08,16.49,17740041.7,81280633.7,422160268
98.1,S,34,225.86,16.65,17740041.7,81280633.8,422160269
99.1,S,34,228.62,16.82,17740041.7,81280699.0,422160328
100.1,S,34,231.42,16.95,17740041.7,81280699.1,422160330
101.1,S,34,234.15,17.09,17740041.7,81280699.3,422160333
102.1,S,34,236.90,17.24,17740041.7,81280700.6,422160348
103.1,S,34,239.65,17.37,17740041.7,81280765.2,422160402
104.1,S,34,242.44,17.52,17740041.7,81280765.6,422160402
105.1,S,34,245.39,17.66,17740041.7,81280766.0,422160406
106.1,S,34,248.31,17.79,17740041.7,81280766.1,422160407
107.1,S,34,251.09,17.93,17740041.7,81280830.7,422160462
108.1,S,34,253.90,18.11,17740041.7,81280830.9,422160464
109.1,S,34,256.73,18.26,17740041.7,81280831.1,422160466
110.1,S,34,258.96,18.50,17740041.7,81280865.5,422160497
111.1,S,34,261.12,18.67,17740041.7,81280866.8,422160501
112.1,S,34,263.35,18.82,17740041.7,81280866.9,422160502
113.1,S,34,265.61,18.94,17740041.7,81280867.1,422160504
114.1,S,34,267.79,19.11,17740041.7,81280867.2,422160506
115.1,S,34,269.97,19.26,17740041.7,81280867.5,422160509
116.1,S,34,272.16,19.43,17740041.7,81280868.0,422160513
117.1,S,34,274.39,19.55,17740041.7,81280868.3,422160516
118.1,S,34,276.55,19.73,17740041.7,81280868.6,422160520
119.1,S,34,278.72,19.90,17740041.7,81280868.8,422160524
120.1,S,34,280.92,20.04,17740041.7,81280868.9,422160526
121.1,S,34,283.08,20.22,17740041.7,81280869.2,422160528
122.1,S,34,285.16,20.37,17740041.7,81280870.6,422160541
123.1,S,34,287.31,20.56,17740041.7,81280871.0,422160542
124.1,S,34,289.49,20.72,17740041.7,81280979.2,422160633
125.1,S,34,291.57,20.83,17740041.7,81280979.4,422160645
126.1,S,34,293.74,20.99,17740041.7,81280981.5,422160670
127.1,S,34,295.92,21.16,17740041.7,81280981.7,422160672
128.1,S,34,298.08,21.34,17740041.7,81280982.1,422160676
129.1,S,34,300.26,21.51,17740041.7,81280982.7,422160678
130.1,S,34,302.41,21.69,17740041.7,81280982.8,422160678
131.1,S,34,304.55,21.87,17740041.7,81280983.4,422160685
132.1,S,34,306.60,22.00,17740043.6,81280988.4,422160754
133.1,S,34,308.75,22.17,17740043.6,81280988.7,422160756
134.1,S,34,310.95,22.33,17740043.6,81280989.1,422160756
135.1,S,34,313.14,22.50,17740043.6,81280989.2,422160758
136.1,S,34,315.24,22.67,17740043.6,81280989.7,422160760
137.1,S,34,317.27,22.86,17740043.6,81280990.0,422160764
138.1,S,34,319.33,23.01,17740043.6,81280990.4,422160770
139.1,S,34,321.51,23.12,17740043.6,81280990.6,422160776
140.1,S,34,323.62,23.27,17740043.6,81280991.2,422160781
141.1,S,34,325.82,23.39,17740043.6,81280991.5,422160782
142.1,S,34,327.97,23.57,17740043.6,81280991.7,422160784
143.1,S,34,330.10,23.76,17740043.6,81280991.9,422160786
144.1,S,34,332.28,23.88,17740043.6,81281050.2,422160840
145.1,S,34,334.43,24.04,17740043.6,81281050.6,422160843
146.1,S,34,336.56,24.25,17740043.6,81281051.0,422160846
147.1,S,34,338.67,24.45,17740043.6,81281051.6,422160849
148.1,S,34,340.84,24.61,17740043.6,81281051.8,422160851
149.1,S,34,343.02,24.76,17740043.6,81281051.9,422160852
150.2,S,34,345.13,24.93,17740043.6,81281052.2,422160854
151.2,S,34,347.26,25.11,17740043.6,81281052.5,422160856
152.2,S,34,349.34,25.28,17740043.6,81281081.9,422160889
153.2,S,34,351.54,25.44,17740043.6,81281082.4,422160895
154.2,S,34,353.65,25.60,17740043.6,81281083.0,422160901
155.2,S,34,355.76,25.76,17740043.6,81281083.9,422160915
156.2,S,34,357.92,25.94,17740043.6,81281084.2,422160918
157.2,S,34,360.10,26.07,17740043.6,81281084.8,422160920
158.2,S,34,362.22,26.28,17740043.6,81281085.1,422160924
159.2,S,34,364.30,26.43,17740043.6,81281089.3,422160993
160.2,S,34,366.48,26.57,17740043.6,81281089.8,422160996
161.2,S,34,368.59,26.77,17740043.6,81281090.0,422160997
162.2,S,34,370.74,26.95,17740043.6,81281090.2,422161000
163.2,S,34,372.87,27.13,17740043.6,81281090.5,422161003
164.2,S,34,375.02,27.31,17740043.6,81281090.8,422161007
165.2,S,34,377.21,27.45,17740043.6,81281146.8,422161054
166.2,S,34,379.37,27.59,17740043.6,81281147.5,422161059
167.2,S,34,381.56,27.72,17740043.6,81281147.6,422161061
168.2,S,34,383.72,27.87,17740043.6,81281148.1,422161064
169.2,S,34,385.91,28.00,17740043.6,81281148.2,422161066
170.2,S,34,388.06,28.15,17740043.6,81281148.4,422161070
171.2,S,34,390.16,28.37,17740043.6,81281148.6,422161070
172.2,S,34,392.33,28.52,17740043.6,81281148.9,422161072
173.2,S,34,394.50,28.68,17740043.6,81281149.5,422161073
174.2,S,34,396.66,28.84,17740043.6,81281149.7,422161075
175.2,S,34,398.83,28.98,17740043.6,81281149.8,422161076
176.2,S,34,400.98,29.17,17740043.6,81281150.0,422161077
177.2,S,34,403.06,29.40,17740043.6,81281150.1,422161078
178.2,S,34,405.29,29.55,17740043.6,81281150.5,422161080
179.2,S,42,413.32,29.87,17740043.6,81281316.4,422161267
180.2,S,34,419.87,30.14,17740043.6,81281420.6,422161376
181.2,S,34,422.63,30.28,17740043.6,81281420.7,422161376
182.2,S,34,425.43,30.41,17740043.6,81281424.7,422161418
183.2,S,34,428.19,30.55,17740043.6,81281428.2,422161453
184.2,S,34,430.95,30.69,17740043.6,81281493.8,422161510
185.2,S,34,433.85,30.82,17740043.6,81281494.2,422161512
186.2,S,34,436.66,30.97,17740043.6,81281522.0,422161546
187.2,S,34,439.48,31.11,17740043.6,81281522.1,422161548
188.2,S,34,442.27,31.27,17740043.6,81281522.4,422161552
189.2,S,34,444.99,31.43,17740043.6,81281586.9,422161605
190.2,S,34,447.80,31.58,17740043.6,81281587.8,422161610
191.2,S,34,450.63,31.72,17740043.6,81281588.0,422161611
192.2,S,34,453.37,31.87,17740043.6,81281588.2,422161612
193.2,S,34,456.10,32.03,17740043.6,81281652.9,422161669
194.2,S,34,458.93,32.18,17740043.6,81281654.1,422161684
195.2,S,34,461.69,32.30,17740043.6,81281654.2,422161686
196.2,S,34,464.49,32.43,17740043.6,81281655.0,422161691
197.2,S,34,467.24,32.55,17740043.6,81281719.6,422161750
198.2,S,34,469.99,32.69,17740043.6,81281719.8,422161754
199.2,S,34,472.78,32.81,17740043.6,81281720.2,422161760
200.2,S,34,475.62,32.94,17740043.6,81281720.4,422161764
201.2,S,34,478.33,33.08,17740043.6,81281784.9,422161820
202.2,S,34,481.13,33.21,17740043.6,81281785.8,422161822
203.2,S,34,483.94,33.35,17740043.6,81281786.0,422161824
204.2,S,34,486.73,33.45,17740043.6,81281787.3,422161841
205.2,S,34,489.49,33.58,17740043.6,81281821.2,422161871
206.2,S,34,492.31,33.70,17740043.6,81281852.0,422161901
207.2,S,34,495.08,33.85,17740043.6,81281852.7,422161903
208.2,S,34,497.90,34.00,17740043.6,81281852.9,422161904
209.2,S,34,500.02,34.26,17740043.6,81281895.9,422161945
210.2,S,34,502.23,34.41,17740043.6,81281896.1,422161948
211.2,S,34,504.41,34.57,17740043.6,81282014.7,422162050
212.2,S,34,506.58,34.73,17740043.6,81282015.2,422162051
213.2,S,34,508.74,34.91,17740043.6,81282016.3,422162054
214.2,S,34,510.87,35.07,17740043.6,81282016.5,422162056
215.2,S,34,513.06,35.22,17740043.6,81282016.6,422162057
216.2,S,34,515.25,35.40,17740043.6,81282017.4,422162061
217.2,S,34,517.38,35.56,17740043.6,81282018.0,422162064
218.2,S,34,519.59,35.69,17740043.6,81282018.2,422162066
219.2,S,34,521.76,35.86,17740043.6,81282018.5,422162066
220.2,S,34,523.93,36.03,17740043.6,81282018.7,422162068
221.2,S,34,526.08,36.18,17740043.6,81282018.8,422162068
222.2,S,34,528.23,36.34,17740043.6,81282019.3,422162072
223.2,S,34,530.40,36.50,17740043.6,81282019.6,422162075
224.2,S,34,532.59,36.67,17740043.6,81282019.8,422162078
225.2,S,34,534.79,36.84,17740043.6,81282020.1,422162083
226.2,S,34,537.00,37.00,17740043.6,81282020.2,422162083
227.2,S,34,539.28,37.10,17740043.6,81282020.3,422162086
228.2,S,34,541.45,37.25,17740043.6,81282020.9,422162092
229.2,S,34,543.66,37.39,17740043.6,81282021.1,422162093
230.2,S,34,545.86,37.56,17740043.6,81282021.2,422162095
231.2,S,34,548.07,37.69,17740043.6,81282077.0,422162144
232.2,S,34,550.23,37.85,17740043.6,81282077.8,422162147
233.2,S,34,552.36,38.09,17740043.6,81282078.3,422162148
234.2,S,34,554.54,38.26,17740043.6,81282078.5,422162151
235.2,S,34,556.72,38.42,17740043.6,81282078.7,422162153
236.2,S,34,558.89,38.58,17740043.6,81282078.8,422162156
237.2,S,34,561.02,38.80,17740043.6,81282078.9,422162157
238.2,S,34,563.14,39.00,17740043.6,81282079.3,422162159
239.2,S,34,565.35,39.14,17740043.6,81282079.8,422162162
240.2,S,34,567.60,39.26,17740043.6,81282080.0,422162164
241.2,S,34,569.76,39.44,17740043.6,81282080.2,422162165
242.2,S,34,571.97,39.60,17740043.6,81282080.4,422162169
243.2,S,34,574.13,39.76,17740043.6,81282080.5,422162170
244.2,S,34,576.31,39.89,17740043.6,81282081.1,422162173
245.2,S,34,578.44,40.07,17740043.6,81282081.4,422162178
246.2,S,34,580.64,40.20,17740043.6,81282081.4,422162178
247.2,S,34,582.80,40.35,17740043.6,81282081.5,422162179
248.2,S,34,584.98,40.49,17740043.6,81282081.7,422162182
249.2,S,34,587.13,40.64,17740043.6,81282081.8,422162183
250.2,S,34,589.31,40.78,17740043.6,81282082.4,422162187
251.2,S,34,591.45,40.93,17740043.6,81282082.6,422162190
252.2,S,34,593.58,41.10,17740043.6,81282137.4,422162237
253.2,S,34,595.74,41.26,17740043.6,81282137.7,422162241
254.2,S,34,597.89,41.44,17740043.6,81282137.9,422162244
255.2,S,34,600.07,41.58,17740043.6,81282138.1,422162245
256.3,S,34,602.25,41.74,17740043.6,81282138.7,422162249
257.3,S,34,604.46,41.87,17740043.6,81282138.9,422162250
258.3,S,34,606.64,42.04,17740043.6,81282139.1,422162253
259.3,S,34,608.80,42.18,17740043.6,81282139.4,422162255
260.3,S,34,610.97,42.35,17740043.6,81282139.7,422162259
261.3,S,34,613.17,42.49,17740043.6,81282140.3,422162263
262.3,S,42,616.77,42.73,17740043.6,81282196.6,422162326
263.3,S,42,625.93,43.03,17740043.6,81282361.5,422162518
264.3,S,34,629.53,43.23,17740043.6,81282401.2,422162566
265.3,S,34,632.28,43.37,17740043.6,81282401.5,422162569
266.3,S,34,635.04,43.50,17740043.6,81282402.3,422162576
267.3,S,34,637.81,43.63,17740043.6,81282404.1,422162589
268.3,S,34,640.57,43.80,17740043.6,81282472.4,422162652
269.3,S,34,643.36,43.93,17740043.6,81282473.1,422162660
270.3,S,34,646.18,44.05,17740043.6,81282473.2,422162661
271.3,S,34,648.95,44.20,17740043.6,81282473.5,422162666
272.3,S,34,651.71,44.37,17740043.6,81282542.1,422162730
273.3,S,34,654.45,44.50,17740043.6,81282542.7,422162733
274.3,S,34,657.25,44.64,17740043.6,81282542.9,422162745
275.3,S,34,660.01,44.78,17740043.6,81282543.3,422162748
276.3,S,34,662.78,44.91,17740043.6,81282543.5,422162751
277.3,S,34,665.54,45.03,17740043.6,81282543.7,422162756
278.3,S,34,668.34,45.15,17740043.6,81282544.3,422162760
279.3,S,34,671.12,45.27,17740043.6,81282544.7,422162764
280.3,S,34,673.91,45.43,17740043.6,81282566.7,422162785
281.3,S,34,676.64,45.58,17740043.6,81282674.0,422162877
282.3,S,34,679.43,45.72,17740043.6,81282674.2,422162877
283.3,S,34,682.23,45.87,17740043.6,81282674.8,422162880
284.3,S,34,685.02,45.99,17740043.6,81282675.3,422162883
285.3,S,34,687.83,46.11,17740043.6,81282675.5,422162888
286.3,S,34,690.60,46.26,17740043.6,81282675.7,422162890
287.3,S,34,693.39,46.40,17740043.6,81282676.0,422162895
288.3,S,34,695.70,46.67,17740043.6,81282791.1,422162997
289.3,S,34,697.88,46.84,17740043.6,81282791.7,422163001
290.3,S,34,700.06,47.01,17740043.6,81282792.8,422163006
291.3,S,34,702.23,47.16,17740043.6,81282793.1,422163008
292.3,S,34,704.40,47.34,17740043.6,81282793.3,422163009
293.3,S,34,706.53,47.48,17740043.6,81282899.3,422163113
294.3,S,34,708.63,47.64,17740043.6,81282899.5,422163114
295.3,S,34,710.82,47.82,17740043.6,81282900.1,422163118
296.3,S,34,713.00,47.99,17740043.6,81282900.5,422163121
297.3,S,34,715.22,48.12,17740043.6,81282900.7,422163124
298.3,S,34,717.35,48.30,17740043.6,81282901.4,422163127
299.3,S,34,719.51,48.48,17740043.6,81282901.7,422163130
300.3,S,34,721.65,48.65,17740043.6,81282902.1,422163132
301.3,S,34,723.84,48.77,17740043.6,81282902.5,422163135
302.3,S,34,726.01,48.95,17740043.6,81282902.7,422163139
303.3,S,34,728.12,49.14,17740043.6,81282903.0,422163186
304.3,S,34,730.32,49.27,17740043.6,81282903.2,422163188
305.3,S,34,732.48,49.40,17740043.6,81282903.4,422163192
306.3,S,34,734.58,49.59,17740043.6,81282904.2,422163196
307.3,S,34,736.78,49.71,17740043.6,81282904.5,422163200
308.3,S,34,738.90,49.89,17740043.6,81282904.7,422163207
309.3,S,34,740.98,50.07,17740043.6,81282904.9,422163210
310.3,S,34,743.11,50.28,17740043.6,81282905.1,422163212
311.3,S,34,745.33,50.43,17740043.6,81282905.6,422163215
312.3,S,34,747.46,50.59,17740043.6,81282905.9,422163217
313.3,S,34,749.59,50.77,17740043.6,81282960.8,422163439
314.3,S,34,751.79,50.97,17740043.6,81282960.9,422163441
315.3,S,34,753.90,51.17,17740043.6,81282961.2,422163444
316.3,S,34,756.01,51.35,17740043.6,81282961.4,422163445
317.3,S,34,758.15,51.53,17740043.6,81282962.1,422163446
318.3,S,34,760.33,51.67,17740043.6,81282962.8,422163450
319.3,S,34,762.51,51.82,17740043.6,81282964.1,422163453
320.3,S,34,764.60,51.95,17740043.6,81282964.6,422163465
321.3,S,34,766.70,52.13,17740043.6,81282964.9,422163470
322.3,S,34,768.85,52.29,17740043.6,81282965.6,422163475
323.3,S,34,771.01,52.48,17740043.6,81282965.9,422163482
324.3,S,34,773.20,52.67,17740043.6,81282966.2,422163483
325.3,S,34,775.32,52.84,17740043.6,81282966.4,422163485
326.3,S,34,777.50,53.00,17740043.6,81282966.6,422163490
327.3,S,34,779.69,53.14,17740043.6,81282967.0,422163494
328.3,S,34,781.83,53.31,17740043.6,81282967.4,422163503
329.3,S,34,783.99,53.44,17740043.6,81282967.6,422163506
330.3,S,34,786.16,53.58,17740043.6,81282967.9,422163508
331.3,S,34,788.27,53.78,17740043.6,81282968.0,422163511
332.3,S,34,790.49,53.94,17740043.6,81282968.6,422163517
333.3,S,34,792.67,54.12,17740043.6,81282968.9,422163525
334.3,S,34,794.92,54.23,17740043.6,81283019.9,422163679
335.3,S,34,797.11,54.44,17740043.6,81283020.2,422163680
336.3,S,34,799.24,54.64,17740043.6,81283020.4,422163682
337.3,S,34,801.37,54.82,17740043.6,81283020.6,422163684
338.3,S,34,803.47,55.03,17740043.6,81283021.2,422163693
339.3,S,34,805.60,55.18,17740043.6,81283021.8,422163696
340.3,S,34,807.77,55.30,17740043.6,81283029.6,422163719
341.3,S,34,809.93,55.47,17740043.6,81283030.0,422163723
342.3,S,34,812.10,55.61,17740043.6,81283030.3,422163724
343.3,S,34,814.26,55.74,17740043.6,81283030.9,422163736
344.3,S,34,816.44,55.92,17740043.6,81283031.2,422163741
345.3,S,34,818.60,56.10,17740043.6,81283031.6,422163744
346.3,S,34,820.78,56.22,17740043.6,81283031.8,422163747
347.3,S,34,822.97,56.34,17740043.6,81283032.0,422163755
348.3,S,34,825.07,56.54,17740043.6,81283032.6,422163760
349.3,S,42,828.76,56.73,17740043.6,81283102.3,422164034
350.3,S,42,837.40,57.01,17740043.6,81283243.3,422164416
351.3,S,34,842.12,57.18,17740043.6,81283304.8,422164595
352.3,S,34,844.88,57.32,17740043.6,81283305.1,422164605
353.3,S,34,847.67,57.45,17740043.6,81283305.2,422164608
354.3,S,34,850.51,57.59,17740043.6,81283305.9,422164612
355.3,S,34,853.56,57.73,17740043.6,81283306.5,422164615
356.3,S,34,856.35,57.93,17740043.6,81283371.3,422164699
357.3,S,34,859.09,58.08,17740043.6,81283371.4,422164702
358.3,S,34,861.96,58.22,17740043.6,81283371.7,422164706
359.3,S,34,864.72,58.36,17740043.6,81283372.2,422164708
360.3,S,34,867.45,58.50,17740043.6,81283436.9,422164765
361.3,S,34,870.17,58.65,17740043.6,81283437.4,422164766
362.3,S,34,872.96,58.80,17740043.6,81283437.7,422164768
363.3,S,34,875.77,58.91,17740043.6,81283437.8,422164769
364.3,S,34,878.52,59.04,17740043.6,81283502.9,422164828
365.3,S,34,881.37,59.20,17740043.6,81283503.1,422164831
366.3,S,34,884.24,59.37,17740043.6,81283503.4,422164836
367.3,S,34,887.10,59.53,17740043.6,81283503.7,422164839
368.4,S,34,889.89,59.68,17740043.6,81283504.0,422164843
369.4,S,34,892.65,59.86,17740043.6,81283569.0,422164900
370.4,S,34,895.43,59.99,17740043.6,81283569.3,422164905
371.4,S,34,898.30,60.10,17740043.6,81283569.5,422164908
372.4,S,34,901.08,60.27,17740043.6,81283618.0,422164954
373.4,S,34,903.85,60.43,17740043.6,81283618.3,422164957
374.4,S,34,906.66,60.55,17740043.6,81283618.5,422164959
375.4,S,34,909.32,60.84,17740043.6,81283662.5,422165003
376.4,S,34,912.14,60.96,17740043.6,81283662.7,422165006
377.4,S,34,914.92,61.11,17740043.6,81283692.8,422165075
378.4,S,34,917.66,61.23,17740043.6,81283692.9,422165082
379.4,S,34,920.28,61.42,17740043.6,81283757.6,422165261
380.4,S,34,923.08,61.55,17740043.6,81283757.8,422165264
381.4,S,34,925.86,61.71,17740043.6,81283877.7,422165655
382.4,S,34,928.66,61.83,17740043.6,81283877.9,422165656
383.4,S,34,931.37,62.00,17740043.6,81283929.9,422165770
384.4,S,34,934.19,62.16,17740043.6,81283930.6,422165775
385.4,S,34,936.97,62.30,17740043.6,81283930.7,422165777
386.4,S,34,939.77,62.41,17740043.6,81283931.5,422165785
387.4,S,34,942.44,62.57,17740043.6,81283996.1,422165917
388.4,S,34,945.25,62.70,17740043.6,81283996.4,422165921
389.4,S,34,948.07,62.83,17740043.6,81283996.7,422165924
390.4,S,34,950.73,63.01,17740043.6,81284048.6,422166041
391.4,S,34,952.87,63.22,17740043.6,81284048.9,422166050
392.4,S,34,955.02,63.43,17740043.6,81284049.4,422166054
393.4,S,34,957.16,63.63,17740043.6,81284049.6,422166056
394.4,S,34,959.37,63.75,17740043.6,81284049.9,422166059
395.4,S,34,961.53,63.92,17740043.6,81284050.3,422166060
396.4,S,34,963.66,64.11,17740043.6,81284050.5,422166068
397.4,S,34,965.86,64.24,17740043.6,81284051.0,422166072
398.4,S,34,968.03,64.42,17740043.6,81284051.3,422166077
399.4,S,34,970.16,64.61,17740043.6,81284051.5,422166079
400.4,S,34,972.32,64.76,17740043.6,81284051.8,422166082
401.4,S,34,974.51,64.92,17740043.6,81284052.0,422166085
402.4,S,34,976.67,65.13,17740043.6,81284052.3,422166090
403.4,S,34,978.85,65.27,17740043.6,81284052.9,422166096
404.4,S,34,981.04,65.43,17740043.6,81284053.1,422166098
405.4,S,34,983.23,65.63,17740043.6,81284053.3,422166100
406.4,S,34,985.39,65.82,17740043.6,81284053.7,422166103
407.4,S,34,987.60,65.93,17740043.6,81284053.9,422166106
408.4,S,34,989.77,66.10,17740043.6,81284054.5,422166110
409.4,S,34,991.90,66.30,17740043.6,81284054.7,422166116
410.4,S,34,994.05,66.47,17740043.6,81284054.9,422166121
411.4,S,34,996.22,66.62,17740043.6,81284055.3,422166123
412.4,S,34,998.37,66.81,17740043.6,81284147.9,422166360
413.4,S,34,1000.49,67.02,17740043.6,81284148.6,422166372
414.4,S,34,1002.62,67.22,17740043.6,81284148.7,422166372
415.4,S,34,1004.82,67.39,17740043.6,81284148.8,422166373
416.4,S,34,1006.99,67.56,17740043.6,81284149.0,422166376
417.4,S,34,1009.10,67.74,17740043.6,81284176.9,422166434
418.4,S,34,1011.22,67.91,17740043.6,81284177.2,422166438
419.4,S,34,1013.39,68.04,17740043.6,81284177.8,422166443
420.4,S,34,1015.54,68.21,17740043.6,81284178.0,422166450
421.4,S,34,1017.66,68.39,17740043.6,81284178.1,422166451
422.4,S,34,1019.77,68.59,17740043.6,81284178.7,422166456
423.4,S,34,1021.94,68.72,17740043.6,81284178.9,422166459
424.4,S,34,1024.07,68.87,17740043.6,81284179.1,422166464
425.4,S,34,1026.29,69.04,17740043.6,81284179.5,422166467
426.4,S,34,1028.55,69.18,17740043.6,81284179.8,422166476
427.4,S,34,1030.72,69.34,17740043.6,81284179.9,422166478
428.4,S,34,1032.86,69.50,17740043.6,81284180.3,422166481
429.4,S,42,1035.30,69.66,17740043.6,81284244.8,422166874
430.4,S,42,1043.80,69.97,17740043.6,81284383.6,422167310
431.4,S,34,1049.03,70.20,17740043.6,81284459.4,422167535
432.4,S,34,1051.77,70.35,17740043.6,81284459.7,422167539
433.4,S,34,1054.53,70.50,17740043.6,81284460.9,422167549
434.4,S,34,1057.25,70.66,17740043.6,81284461.2,422167554
435.4,S,34,1060.00,70.79,17740043.6,81284461.5,422167562
436.4,S,34,1062.78,70.94,17740043.6,81284462.1,422167568
437.4,S,34,1065.45,71.09,17740043.6,81284554.0,422167806
438.4,S,34,1068.22,71.25,17740043.6,81284554.3,422167812
439.4,S,34,1071.01,71.38,17740043.6,81284554.8,422167818
440.4,S,34,1073.81,71.51,17740043.6,81284555.0,422167820
441.4,S,34,1076.58,71.65,17740043.6,81284555.6,422167825
442.4,S,34,1079.38,71.81,17740043.6,81284556.1,422167835
443.4,S,34,1082.20,71.96,17740043.6,81284597.6,422167887
444.4,S,34,1085.00,72.09,17740043.6,81284648.0,422167932
445.4,S,34,1087.80,72.21,17740043.6,81284648.3,422167937
446.4,S,34,1090.56,72.34,17740043.6,81284648.9,422167938
447.4,S,34,1093.36,72.46,17740043.6,81284649.2,422167941
448.4,S,34,1096.12,72.62,17740043.6,81284717.8,422168006
449.4,S,34,1098.88,72.74,17740043.6,81284718.1,422168010
450.4,S,34,1101.63,72.90,17740043.6,81284718.4,422168011
451.4,S,34,1104.44,73.04,17740043.6,81284719.0,422168013
452.4,S,34,1107.24,73.17,17740043.6,81284719.3,422168015
453.4,S,34,1110.03,73.32,17740043.6,81284719.5,422168020
454.4,S,34,1112.76,73.49,17740043.6,81284810.5,422168099
455.4,S,34,1115.57,73.62,17740043.6,81284811.0,422168104
456.4,S,34,1118.36,73.80,17740043.6,81284811.1,422168106
457.4,S,34,1121.15,73.92,17740043.6,81284812.2,422168113
458.4,S,34,1123.94,74.03,17740043.6,81284812.4,422168117
459.4,S,34,1126.56,74.28,17740043.6,81284893.5,422168201
460.4,S,34,1129.44,74.42,17740043.6,81284893.9,422168203
461.4,S,34,1132.36,74.55,17740043.6,81284895.2,422168209
462.4,S,34,1135.25,74.70,17740043.6,81284895.8,422168215
463.4,S,34,1138.08,74.82,17740043.6,81284959.4,422168303
464.4,S,34,1140.72,74.97,17740043.6,81285088.5,422168764
465.4,S,34,1143.51,75.11,17740043.6,81285088.6,422168765
466.4,S,34,1146.33,75.26,17740043.6,81285089.3,422168767
467.4,S,34,1149.10,75.42,17740043.6,81285089.5,422168768
468.4,S,34,1151.83,75.54,17740043.6,81285119.2,422168835
469.4,S,34,1154.50,75.72,17740043.6,81285163.9,422168964
470.4,S,34,1157.30,75.86,17740043.6,81285164.2,422168967
471.4,S,34,1160.09,76.01,17740043.6,81285164.4,422168969
472.4,S,34,1162.95,76.14,17740043.6,81285164.9,422168971
473.4,S,34,1165.83,76.29,17740043.6,81285165.2,422168973
474.4,S,34,1168.52,76.43,17740043.6,81285230.3,422169129
475.4,S,34,1171.34,76.58,17740043.6,81285230.6,422169142
476.4,S,34,1174.13,76.71,17740043.6,81285230.8,422169148
477.4,S,34,1176.89,76.84,17740043.6,81285231.2,422169151
478.4,S,34,1179.57,77.01,17740043.6,81285296.0,422169306
479.4,S,34,1181.77,77.23,17740043.6,81285305.1,422169340
480.4,S,34,1183.93,77.39,17740043.6,81285305.7,422169344
481.4,S,34,1186.03,77.55,17740043.6,81285305.9,422169354
482.4,S,34,1188.23,77.71,17740043.6,81285306.1,422169356
483.4,S,34,1190.44,77.86,17740043.6,81285306.6,422169360
484.5,S,34,1192.61,78.03,17740043.6,81285306.8,422169363
485.5,S,34,1194.77,78.22,17740043.6,81285307.5,422169372
486.5,S,34,1196.95,78.40,17740043.6,81285307.7,422169373
487.5,S,34,1199.07,78.59,17740043.6,81285308.0,422169376
488.5,S,34,1201.27,78.73,17740043.6,81285308.3,422169376
489.5,S,34,1203.38,78.91,17740043.6,81285308.5,422169384
490.5,S,34,1205.54,79.06,17740043.6,81285308.7,422169385
491.5,S,34,1207.70,79.22,17740043.6,81285309.2,422169388
492.5,S,34,1209.87,79.42,17740043.6,81285309.5,422169390
493.5,S,34,1212.06,79.58,17740043.6,81285309.7,422169399
494.5,S,34,1214.23,79.81,17740043.6,81285310.1,422169402
495.5,S,34,1216.39,80.00,17740043.6,81285406.7,422169608
496.5,S,34,1218.52,80.21,17740043.6,81285407.3,422169612
497.5,S,34,1220.68,80.35,17740043.6,81285407.6,422169615
498.5,S,34,1222.82,80.54,17740043.6,81285407.8,422169618
499.5,S,34,1225.01,80.71,17740043.6,81285408.5,422169623
500.5,S,34,1227.17,80.87,17740043.6,81285408.7,422169625
501.5,S,34,1229.29,81.04,17740043.6,81285409.1,422169628
502.5,S,34,1231.33,81.17,17740043.6,81285409.6,422169634
503.5,S,34,1233.47,81.35,17740043.6,81285410.0,422169646
504.5,S,34,1235.65,81.49,17740043.6,81285410.2,422169649
505.5,S,34,1237.78,81.67,17740043.6,81285410.7,422169653
506.5,S,34,1239.99,81.83,17740043.6,81285410.8,422169654
507.5,S,42,1243.35,82.03,17740043.6,81285476.3,422169903
508.5,S,42,1250.92,82.31,17740043.6,81285594.4,422170313
509.5,S,34,1255.97,82.55,17740043.6,81285676.9,422170549
510.5,S,34,1258.91,82.69,17740043.6,81285677.9,422170553
511.5,S,34,1261.78,82.80,17740043.6,81285678.1,422170556
512.5,S,34,1264.62,82.93,17740043.6,81285678.3,422170557
513.5,S,34,1267.50,83.09,17740043.6,81285678.8,422170565
514.5,S,34,1270.23,83.24,17740043.6,81285744.9,422170793
515.5,S,34,1273.06,83.38,17740043.6,81285745.2,422170795
516.5,S,34,1275.85,83.53,17740043.6,81285745.5,422170797
517.5,S,34,1278.61,83.65,17740043.6,81285746.2,422170805
518.5,S,34,1281.30,83.80,17740043.6,81285813.2,422170917
519.5,S,34,1284.14,83.92,17740043.6,81285813.4,422170921
520.5,S,34,1286.91,84.07,17740043.6,81285813.6,422170923
521.5,S,34,1289.67,84.18,17740043.6,81285849.7,422170956
522.5,S,34,1292.44,84.33,17740043.6,81285850.1,422170961
523.5,S,34,1295.29,84.46,17740043.6,81285850.4,422170962
524.5,S,34,1298.15,84.61,17740043.6,81285850.8,422170964
525.5,S,34,1300.94,84.75,17740043.6,81285851.2,422170970
526.5,S,34,1303.73,84.89,17740043.6,81285851.4,422170972
527.5,S,34,1306.53,85.04,17740043.6,81285851.6,422170974
528.5,S,34,1309.39,85.18,17740043.6,81285851.9,422170975
529.5,S,34,1312.18,85.31,17740043.6,81285852.5,422170975
530.5,S,34,1315.01,85.48,17740043.6,81285981.4,422171087
531.5,S,34,1317.89,85.60,17740043.6,81285981.8,422171091
532.5,S,34,1320.71,85.75,17740043.6,81285982.0,422171099
533.5,S,34,1323.50,85.88,17740043.6,81285982.4,422171102
534.5,S,34,1326.30,86.02,17740043.6,81285982.6,422171104
535.5,S,34,1329.13,86.14,17740043.6,81285983.2,422171109
536.5,S,34,1331.95,86.25,17740043.6,81285983.4,422171112
537.5,S,34,1334.73,86.39,17740043.6,81285983.7,422171116
538.5,S,34,1337.52,86.51,17740043.6,81286014.5,422171144
539.5,S,34,1340.26,86.66,17740043.6,81286112.9,422171230
540.5,S,34,1342.93,86.94,17740043.6,81286128.6,422171249
541.5,S,34,1345.64,87.07,17740043.6,81286254.4,422171535
542.5,S,34,1348.43,87.20,17740043.6,81286254.9,422171537
543.5,S,34,1351.23,87.36,17740043.6,81286255.0,422171539
544.5,S,34,1353.85,87.52,17740043.6,81286319.7,422171711
545.5,S,34,1356.63,87.66,17740043.6,81286321.4,422171719
546.5,S,34,1359.43,87.79,17740043.6,81286321.7,422171722
547.5,S,34,1362.23,87.92,17740043.6,81286321.9,422171724
548.5,S,34,1364.90,88.08,17740043.6,81286386.6,422171891
549.5,S,34,1367.68,88.20,17740043.6,81286386.7,422171900
550.5,S,34,1370.47,88.33,17740043.6,81286387.0,422171903
551.5,S,34,1373.28,88.44,17740043.6,81286387.5,422171905
552.5,S,34,1375.98,88.60,17740043.7,81286419.5,422171979
553.5,S,34,1378.70,88.75,17740043.7,81286453.0,422172154
554.5,S,34,1381.50,88.88,17740043.7,81286453.3,422172159
555.5,S,34,1384.31,89.03,17740043.7,81286453.5,422172161
556.5,S,34,1387.10,89.18,17740043.7,81286453.7,422172172
557.5,S,34,1389.61,89.33,17740043.7,81286519.3,422172350
558.5,S,34,1392.32,89.51,17740043.7,81286532.4,422172394
559.5,S,34,1395.05,89.66,17740043.7,81286532.6,422172396
560.5,S,34,1397.87,89.81,17740043.7,81286532.8,422172399
561.5,S,34,1400.71,89.92,17740043.7,81286533.2,422172401
562.5,S,34,1403.34,90.05,17740043.7,81286598.2,422172629
563.5,S,34,1406.13,90.20,17740043.7,81286598.7,422172635
564.5,S,34,1408.89,90.34,17740043.7,81286598.8,422172636
565.5,S,34,1411.65,90.48,17740043.7,81286599.1,422172648
566.5,S,34,1414.34,90.65,17740043.7,81286663.6,422172813
567.5,S,34,1417.15,90.78,17740043.7,81286664.3,422172817
568.5,S,34,1419.95,90.91,17740043.7,81286664.7,422172825
569.5,S,34,1422.77,91.02,17740043.7,81286665.0,422172830
570.5,S,34,1425.42,91.17,17740043.7,81286729.5,422172991
571.5,S,34,1428.20,91.32,17740043.7,81286729.9,422172995
572.5,S,34,1430.94,91.43,17740043.7,81286778.5,422173116
573.6,S,34,1433.75,91.56,17740043.7,81286838.0,422173382
574.6,S,34,1436.57,91.68,17740043.7,81286838.1,422173383
575.6,S,34,1439.22,91.84,17740043.7,81286902.8,422173604
576.6,S,34,1441.99,91.98,17740043.7,81286902.9,422173605
577.6,S,34,1444.58,92.15,17740043.7,81286939.0,422173719
578.6,S,34,1446.78,92.31,17740043.7,81286939.4,422173721
579.6,S,34,1448.95,92.49,17740043.7,81286939.7,422173730
580.6,S,34,1450.88,92.65,17740043.7,81286953.5,422173817
581.6,S,42,1459.24,92.92,17740043.7,81287101.0,422174065
582.6,S,34,1465.16,93.15,17740043.7,81287199.0,422174193
583.6,S,34,1467.92,93.29,17740043.7,81287199.3,422174200
584.6,S,34,1470.71,93.42,17740043.7,81287199.8,422174202
585.6,S,34,1473.46,93.56,17740043.7,81287200.2,422174209
586.6,S,34,1476.18,93.74,17740043.7,81287261.9,422174263
587.6,S,34,1478.96,93.87,17740043.7,81287262.3,422174268
588.6,S,34,1481.73,94.02,17740043.7,81287262.4,422174269
589.6,S,34,1484.49,94.17,17740043.7,81287263.1,422174273
590.6,S,34,1487.18,94.34,17740043.7,81287327.8,422174355
591.6,S,34,1489.99,94.47,17740043.7,81287328.7,422174363
592.6,S,34,1492.80,94.61,17740043.7,81287328.8,422174364
593.6,S,34,1495.58,94.74,17740043.7,81287329.2,422174371
594.6,S,34,1498.28,94.89,17740043.7,81287384.8,422174595
595.6,S,34,1501.07,95.03,17740043.7,81287385.2,422174603
596.6,S,34,1503.83,95.15,17740043.7,81287385.6,422174604
597.6,S,34,1506.55,95.27,17740043.7,81287427.0,422174763
598.6,S,34,1509.41,95.41,17740043.7,81287427.3,422174765
599.6,S,34,1512.22,95.53,17740043.7,81287427.7,422174776
600.6,S,34,1514.91,95.66,17740043.7,81287478.9,422174928
601.6,S,34,1517.70,95.80,17740043.7,81287479.4,422174932
602.6,S,34,1520.47,95.92,17740043.7,81287479.8,422174935
603.6,S,34,1523.22,96.07,17740043.7,81287480.2,422174940
604.6,S,34,1526.04,96.20,17740043.7,81287480.3,422174941
605.6,S,34,1528.53,96.33,17740043.7,81287550.4,422175158
606.6,S,34,1531.33,96.47,17740043.7,81287550.9,422175160
607.6,S,34,1533.63,96.73,17740043.7,81287616.1,422175395
608.6,S,34,1536.36,96.90,17740043.7,81287617.4,422175401
609.6,S,34,1539.10,97.05,17740043.7,81287617.7,422175407
610.6,S,34,1541.93,97.19,17740043.7,81287617.8,422175413
611.6,S,34,1544.76,97.32,17740043.7,81287618.2,422175414
612.6,S,34,1547.45,97.45,17740043.7,81287683.5,422175623
613.6,S,34,1550.15,97.62,17740043.7,81287697.6,422175671
614.6,S,34,1552.55,97.73,17740043.7,81287820.0,422176052
615.6,S,34,1555.33,97.86,17740043.7,81287820.4,422176063
616.6,S,34,1558.12,97.99,17740043.7,81287820.4,422176064
617.6,S,34,1560.82,98.12,17740043.7,81287885.5,422176263
618.6,S,34,1563.60,98.25,17740043.7,81287885.7,422176264
619.6,S,34,1566.38,98.39,17740043.7,81287886.5,422176277
620.6,S,34,1569.08,98.58,17740043.7,81287919.2,422176379
621.6,S,34,1571.86,98.72,17740043.7,81287919.6,422176386
622.6,S,34,1574.66,98.86,17740043.7,81287919.7,422176387
623.6,S,34,1577.48,98.97,17740043.7,81287920.1,422176399
624.6,S,34,1580.07,99.14,17740043.7,81287985.4,422176654
625.6,S,34,1582.89,99.26,17740043.7,81287985.8,422176657
626.6,S,34,1585.62,99.39,17740043.7,81287986.1,422176659
627.6,S,34,1588.21,99.56,17740043.7,81288029.9,422176874
628.6,S,34,1590.38,99.72,17740043.7,81288030.2,422176876
629.6,S,34,1592.61,99.86,17740043.7,81288030.4,422176877
630.6,S,34,1594.77,100.05,17740043.7,81288031.0,422176888
631.6,S,34,1596.91,100.24,17740043.7,81288031.4,422176889
632.6,S,34,1599.09,100.39,17740043.7,81288031.6,422176893
633.6,S,34,1601.26,100.56,17740043.7,81288031.8,422176901
634.6,S,34,1603.41,100.73,17740043.7,81288032.0,422176904
635.6,S,34,1605.58,100.90,17740043.7,81288032.6,422176908
636.6,S,34,1607.74,101.06,17740043.7,81288032.9,422176918
637.6,S,34,1609.88,101.25,17740043.7,81288033.2,422176921
638.6,S,34,1612.05,101.41,17740043.7,81288033.4,422176925
639.6,S,34,1614.22,101.56,17740043.7,81288033.6,422176926
640.6,S,34,1616.42,101.71,17740043.7,81288033.9,422176934
641.6,S,34,1618.58,101.90,17740043.7,81288034.3,422176940
642.6,S,34,1620.70,102.12,17740043.7,81288034.8,422176947
643.6,S,34,1622.85,102.31,17740043.7,81288035.0,422176948
644.6,S,34,1625.02,102.47,17740043.7,81288035.6,422176952
645.6,S,34,1626.93,102.65,17740043.7,81288157.0,422177348
646.6,S,34,1629.08,102.84,17740043.7,81288157.3,422177351
647.6,S,34,1631.32,102.96,17740043.7,81288158.1,422177355
648.6,S,34,1633.46,103.16,17740043.7,81288159.0,422177368
649.6,S,34,1635.59,103.35,17740043.7,81288159.2,422177370
650.6,S,34,1637.75,103.52,17740043.7,81288159.5,422177373
651.6,S,34,1639.84,103.71,17740043.7,81288159.7,422177377
652.6,S,34,1642.00,103.87,17740043.7,81288160.4,422177380
653.6,S,34,1644.20,103.98,17740043.7,81288160.6,422177381
654.6,S,34,1646.37,104.13,17740043.7,81288161.0,422177391
655.6,S,34,1648.53,104.28,17740043.7,81288161.2,422177394
656.6,S,34,1650.74,104.47,17740043.7,81288161.5,422177399
657.6,S,34,1652.91,104.64,17740043.7,81288161.9,422177409
658.6,S,34,1655.09,104.85,17740043.7,81288162.5,422177415
659.6,S,34,1657.25,105.02,17740043.7,81288162.7,422177421
660.6,S,34,1659.41,105.18,17740043.7,81288163.2,422177424
661.6,S,42,1662.07,105.35,17740043.7,81288231.4,422177857
662.6,S,42,1670.07,105.64,17740043.7,81288344.2,422178328
663.6,S,34,1676.20,105.88,17740043.7,81288438.4,422178496
664.6,S,34,1679.00,106.02,17740043.7,81288438.6,422178499
665.6,S,34,1681.82,106.14,17740043.7,81288439.8,422178502
666.6,S,34,1684.54,106.28,17740043.7,81288483.0,422178540
667.6,S,34,1687.33,106.44,17740043.7,81288483.2,422178544
668.6,S,34,1690.10,106.58,17740043.7,81288483.4,422178547
669.6,S,34,1692.84,106.76,17740043.7,81288526.9,422178590
670.6,S,34,1695.63,106.89,17740043.7,81288527.1,422178592
671.6,S,34,1698.36,107.03,17740043.7,81288527.7,422178596
672.6,S,34,1701.10,107.18,17740043.7,81288576.8,422178642
673.6,S,34,1703.90,107.33,17740043.7,81288577.1,422178644
674.6,S,34,1706.71,107.47,17740043.7,81288577.3,422178646
675.6,S,34,1709.47,107.61,17740043.7,81288621.1,422178687
676.6,S,34,1712.22,107.76,17740043.7,81288621.4,422178688
677.6,S,34,1715.05,107.88,17740043.7,81288622.0,422178692
678.6,S,34,1717.86,108.00,17740043.7,81288622.2,422178695
679.6,S,34,1720.66,108.14,17740043.7,81288622.5,422178700
680.7,S,34,1723.44,108.31,17740043.7,81288704.5,422178774
681.7,S,34,1726.20,108.47,17740043.7,81288704.8,422178779
682.7,S,34,1728.98,108.63,17740043.7,81288705.0,422178782
683.7,S,34,1731.61,108.78,17740043.7,81288758.2,422178967
684.7,S,34,1734.42,108.92,17740043.7,81288758.7,422178973
685.7,S,34,1737.21,109.06,17740043.7,81288759.3,422178983
686.7,S,34,1739.97,109.21,17740043.7,81288759.6,422178989
687.7,S,34,1742.66,109.37,17740043.7,81288812.5,422179143
688.7,S,34,1745.48,109.52,17740043.7,81288813.0,422179152
689.7,S,34,1748.32,109.66,17740043.7,81288813.6,422179165
690.7,S,34,1751.09,109.79,17740043.7,81288813.8,422179167
691.7,S,34,1753.74,109.94,17740043.7,81288867.1,422179324
692.7,S,34,1756.08,110.19,17740043.7,81288996.3,422179714
693.7,S,34,1758.86,110.32,17740043.7,81288997.5,422179725
694.7,S,34,1761.69,110.43,17740043.7,81288998.8,422179726
695.7,S,34,1764.45,110.55,17740043.7,81288999.0,422179734
696.7,S,34,1767.19,110.71,17740043.7,81289018.8,422179791
697.7,S,34,1769.92,110.89,17740043.7,81289064.5,422179969
698.7,S,34,1772.64,111.01,17740043.7,81289084.4,422180027
699.7,S,34,1775.36,111.20,17740043.7,81289090.0,422180060
700.7,S,34,1778.17,111.32,17740043.7,81289090.1,422180067
701.7,S,34,1780.95,111.44,17740043.7,81289090.5,422180071
702.7,S,34,1783.74,111.58,17740043.7,81289090.9,422180074
703.7,S,34,1786.33,111.76,17740043.7,81289155.5,422180308
704.7,S,34,1789.10,111.89,17740043.7,81289155.7,422180311
705.7,S,34,1791.86,112.03,17740043.7,81289168.2,422180350
706.7,S,34,1794.60,112.20,17740043.7,81289193.3,422180448
707.7,S,34,1797.34,112.33,17740043.7,81289193.6,422180453
708.7,S,34,1800.12,112.49,17740043.7,81289194.1,422180459
709.7,S,34,1802.90,112.63,17740043.7,81289194.4,422180463
710.7,S,34,1805.37,112.77,17740043.7,81289258.9,422180726
711.7,S,34,1808.12,112.91,17740043.7,81289259.5,422180733
712.7,S,34,1810.87,113.09,17740043.7,81289284.4,422180869
713.7,S,34,1813.67,113.24,17740043.7,81289284.6,422180874
714.7,S,34,1816.43,113.38,17740043.7,81289284.8,422180882
715.7,S,34,1819.20,113.50,17740043.7,81289285.4,422180886
716.7,S,34,1821.88,113.67,17740043.7,81289346.7,422181072
717.7,S,34,1824.74,113.79,17740043.7,81289350.5,422181102
718.7,S,34,1827.34,113.96,17740043.7,81289375.2,422181184
719.7,S,34,1829.49,114.13,17740043.7,81289375.5,422181187
720.7,S,34,1831.63,114.29,17740043.7,81289376.0,422181195
721.7,S,34,1833.75,114.47,17740043.7,81289376.3,422181199
722.7,S,34,1835.93,114.61,17740043.7,81289376.7,422181207
723.7,S,34,1838.04,114.80,17740043.7,81289480.1,422181541
724.7,S,34,1840.18,115.00,17740043.7,81289480.2,422181541
725.7,S,34,1842.32,115.18,17740043.7,81289480.5,422181549
726.7,S,34,1844.45,115.36,17740043.7,81289481.0,422181552
727.7,S,34,1846.60,115.53,17740043.7,81289481.6,422181556
728.7,S,34,1848.69,115.74,17740043.7,81289481.9,422181560
729.7,S,34,1850.88,115.88,17740043.7,81289482.2,422181564
730.7,S,33,1853.08,116.00,17740043.7,81289482.4,422181566
731.7,S,28,1855.15,116.17,17740043.7,81289482.9,422181575
732.7,S,12,1856.22,116.26,17740043.7,81289509.1,422181847
